<?xml version="1.0" encoding="UTF-8"?>
<beans xmlns="http://www.springframework.org/schema/beans"
	xmlns:xsi="http://www.w3.org/2001/XMLSchema-instance"
	xmlns:mvc="http://www.springframework.org/schema/mvc"
	xmlns:p="http://www.springframework.org/schema/p"
	xmlns:context="http://www.springframework.org/schema/context"
	xmlns:tx="http://www.springframework.org/schema/tx"
	xmlns:aop="http://www.springframework.org/schema/aop"
	xsi:schemaLocation="http://www.springframework.org/schema/mvc http://www.springframework.org/schema/mvc/spring-mvc-4.3.xsd
		http://www.springframework.org/schema/beans http://www.springframework.org/schema/beans/spring-beans-4.3.xsd
		http://www.springframework.org/schema/context http://www.springframework.org/schema/context/spring-context-4.3.xsd
		http://www.springframework.org/schema/aop http://www.springframework.org/schema/aop/spring-aop-4.3.xsd
		http://www.springframework.org/schema/tx http://www.springframework.org/schema/tx/spring-tx-4.3.xsd">



	<context:annotation-config/>
	<context:component-scan base-package="ho.service"/>
	<context:component-scan base-package="ho.controller"/>
	<context:component-scan base-package="main.controller"/>
	
	<tx:annotation-driven transaction-manager="txManager"/>

<!--    	<bean id="MainController" class="main.controller.MainController"/> -->


	<!-- ★★★ 서블릿 매핑을 쓰기위한 전체 경로로 url-mapping 하기위함 ★★★ -->
	<bean class="org.springframework.web.servlet.mvc.annotation.DefaultAnnotationHandlerMapping" p:alwaysUseFullPath="true"/>
	<bean class="org.springframework.web.servlet.mvc.annotation.AnnotationMethodHandlerAdapter" p:alwaysUseFullPath="true"/>
	
	<bean id="messageSource" class="org.springframework.context.support.ResourceBundleMessageSource">
		<property name="basenames">
			<list>
				<value>messages.validation</value>
				<value>messages.label</value>
			</list>
		</property>
	</bean>

	
	<!-- responseBody 로 받을때 한글화(Ajax) String처리 -->
	<mvc:annotation-driven>
			<mvc:message-converters>   
				<bean class="org.springframework.http.converter.StringHttpMessageConverter">
					<property name="supportedMediaTypes">
						<list>
							<value>text/html;charset=UTF-8</value>
						</list>
					</property>
				</bean>
			</mvc:message-converters>
	</mvc:annotation-driven>
	
	<mvc:interceptors>   <!-- 그냥 메서드 오버라이딩해서 쓰면됨 -->
		<mvc:interceptor>
			<mvc:mapping path="/roomStarRegisterForm" />
			<mvc:mapping path="*" />
			<bean id="InterceptorController" class="ho.controller.InterceptorController" />
		</mvc:interceptor>
	</mvc:interceptors>
	
	
	
</beans>