<?xml version="1.0" encoding="UTF-8" ?>

<!DOCTYPE tiles-definitions PUBLIC
  "-//Apache Software Foundation//DTD Tiles Configuration 3.0//EN" 
  "http://tiles.apache.org/dtds/tiles-config_3_0.dtd">
<!-- 스프링3.대를 써야 사용할 수 있다. -->
<tiles-definitions>


	<!-- layOut -->
	<definition name="based_mainLayout" template="/WEB-INF/tiles_base/mainLayout.jsp" >
		<put-attribute name="header" value="/WEB-INF/tiles_base/mainHeader.jsp" />
		<put-attribute name="footer" value="/WEB-INF/tiles_base/footer.jsp" />
	</definition>
	
	
	<definition name="based_layout" template="/WEB-INF/tiles_base/layout.jsp" >
		<put-attribute name="header" value="/WEB-INF/tiles_base/header.jsp" />
		<put-attribute name="footer" value="/WEB-INF/tiles_base/footer.jsp" />
	</definition>
	
	
	
	
	<!-- login -->
	<definition name="loginForm" extends="based_layout">
		<put-attribute name="title" value="로그인 화면" />
		<put-attribute name="body" value="/WEB-INF/tiles_view/ho/login/loginForm.jsp" />
	</definition>
	
	<definition name="registerForm" extends="based_layout">
		<put-attribute name="title" value="회원가입" />
		<put-attribute name="body" value="/WEB-INF/tiles_view/ho/login/registerForm.jsp" />
	</definition>


	<!-- roomStar -->
	<definition name="roomStarView" extends="based_layout">
		<put-attribute name="title" value="방 등록하기" />
		<put-attribute name="body" value="/WEB-INF/tiles_view/ho/room/roomStarView.jsp" />
	</definition>



	<definition name="roomStarView" extends="based_layout">
		<put-attribute name="title" value="방 자랑하기" />
		<put-attribute name="body" value="/WEB-INF/tiles_view/ho/room/roomStarView.jsp" />
	</definition>
	
	
	<definition name="roomStarView2" extends="based_layout">
		<put-attribute name="title" value="방 자랑하기" />
		<put-attribute name="body" value="/WEB-INF/tiles_view/ho/room/roomStarView2.jsp" />
	</definition>
	
	
	<definition name="roomStarView3" extends="based_layout">
		<put-attribute name="title" value="방 자랑하기" />
		<put-attribute name="body" value="/WEB-INF/tiles_view/ho/room/roomStarView3.jsp" />
	</definition>
	
	
	<definition name="roomStarView4" extends="based_layout">
		<put-attribute name="title" value="방 자랑하기" />
		<put-attribute name="body" value="/WEB-INF/tiles_view/ho/room/roomStarView4.jsp" />
	</definition>
	
	<definition name="roomStarRegisterForm" extends="based_layout">
		<put-attribute name="title" value="방 올리기" />
		<put-attribute name="body" value="/WEB-INF/tiles_view/ho/room/roomStarRegisterForm.jsp" />
	</definition>
	
	
	<definition name="roomStarContentView" extends="based_layout">
		<put-attribute name="title" value="방 자세히보기" />
		<put-attribute name="body" value="/WEB-INF/tiles_view/ho/room/roomStarContentView.jsp" />
	</definition>
	
	<definition name="roomStarReviewView" extends="based_layout">
		<put-attribute name="title" value="방 자세히보기" />
		<put-attribute name="body" value="/WEB-INF/tiles_view/ho/room/roomStarReviewView.jsp" />
	</definition>
		

	<!-- MyPage -->
	<definition name="wishListView" extends="based_layout">
		<put-attribute name="title" value="메인 화면" />
		<put-attribute name="body" value="/WEB-INF/tiles_view/ho/mypage/wishListView.jsp" />
	</definition>	
	
	
	<!-- main -->
	<definition name="mainView" extends="based_mainLayout">
		<put-attribute name="title" value="메인 화면" />
		<put-attribute name="body" value="/WEB-INF/tiles_view/main/visualView.jsp" />
		<put-attribute name="body1" value="/WEB-INF/tiles_view/main/contentsView.jsp" />
	</definition>	
	
	
	
	
	
	
	

</tiles-definitions>